Number,Request_type,Sector
SR_Req_0916399,DOMESTIC REQUEST,Leasing and Real Estate
SR_Req_0916643,DOMESTIC REQUEST,Office Supplies
SR_Req_0916661,DOMESTIC REQUEST,"IT Hardware (client computing, mobiles and printers)"
SR_Req_0916781,INTERNATIONAL REQUEST,Lab supplies and industrial gas
SR_Req_0916916,INTERNATIONAL REQUEST,"IT Hardware (client computing, mobiles and printers), IT Software"
SR_Req_0916924,DOMESTIC REQUEST,Consumables
SR_Req_0916967,INTERNATIONAL REQUEST,Professional Services
SR_Req_0916984,DOMESTIC REQUEST,Professional Services
SR_Req_0917058,DOMESTIC REQUEST,Cleaning Services & Consumables
SR_Req_0917215,INTERNATIONAL REQUEST,IT Software
SR_Req_0917382,DOMESTIC REQUEST,Consultancy Services
SR_Req_0917926,DOMESTIC REQUEST,Other
SR_Req_0917985,DOMESTIC REQUEST,"IT Hardware (client computing, mobiles and printers), Building Infrastructure and Construction"
SR_Req_0918484,DOMESTIC REQUEST,Consultancy Services
SR_Req_0918522,DOMESTIC REQUEST,"Events Management (excl. catering), Other, Travel"
SR_Req_0918714,DOMESTIC REQUEST,Office Supplies
SR_Req_0919058,DOMESTIC REQUEST,Building Infrastructure and Construction
SR_Req_0919102,DOMESTIC REQUEST,Labour Hire and Recruitment Services
SR_Req_0919126,DOMESTIC REQUEST,Lab supplies and industrial gas
SR_Req_0919207,DOMESTIC REQUEST,"Building Infrastructure and Construction, IT Hardware (client computing, mobiles and printers), Office Supplies"
SR_Req_0919743,DOMESTIC REQUEST,"  IT Managed Services, Call Centre Services, Consultancy Services, IT Hardware (client computing, mobiles and printers), IT Security Services, IT Software, Labour Hire and Recruitment Services, Managed Services, Professional Services, Subscriptions"
SR_Req_0920062,DOMESTIC REQUEST,Travel
SR_Req_0920227,DOMESTIC REQUEST,Events Management (excl. catering)
SR_Req_0920470,DOMESTIC REQUEST,Building Infrastructure and Construction
SR_Req_0920471,DOMESTIC REQUEST,Labour Hire and Recruitment Services
SR_Req_0920472,DOMESTIC REQUEST,Professional Services
SR_Req_0921312,DOMESTIC REQUEST,Other
SR_Req_0922624,DOMESTIC REQUEST,Consultancy Services
SR_Req_0923063,DOMESTIC REQUEST,Other
SR_Req_0923281,DOMESTIC WIL REQUEST,Other
SR_Req_0923438,DOMESTIC REQUEST,Other
SR_Req_0924056,DOMESTIC RESEARCH REQUEST,Other
SR_Req_0924075,INTERNATIONAL REQUEST,Professional Services
SR_Req_0924289,DOMESTIC REQUEST,Maintenance Services
SR_Req_0924297,DOMESTIC REQUEST,Membership and Associations
SR_Req_0924542,DOMESTIC REQUEST,Consultancy Services
SR_Req_0924620,DOMESTIC REQUEST,Building Infrastructure and Construction
SR_Req_0924641,DOMESTIC REQUEST,Maintenance Services
SR_Req_0924721,DOMESTIC REQUEST,Events Management (excl. catering)
SR_Req_0924741,DOMESTIC RESEARCH REQUEST,Other
SR_Req_0925050,DOMESTIC REQUEST,Other
SR_Req_0925247,DOMESTIC REQUEST,Professional Services
SR_Req_0925331,DOMESTIC REQUEST,Lab supplies and industrial gas
SR_Req_0925456,DOMESTIC REQUEST,Cleaning Services & Consumables
SR_Req_0925650,DOMESTIC WIL REQUEST,Other
SR_Req_0925902,DOMESTIC REQUEST,Other
SR_Req_0925936,DOMESTIC REQUEST,Professional Services
SR_Req_0926136,INTERNATIONAL REQUEST,Lab supplies and industrial gas
SR_Req_0926176,INTERNATIONAL RESEARCH REQUEST,Consultancy Services
SR_Req_0926246,INTERNATIONAL REQUEST,Professional Services
SR_Req_0926547,DOMESTIC REQUEST,Consumables
SR_Req_0927043,INTERNATIONAL REQUEST,Subscriptions
SR_Req_0927426,DOMESTIC RESEARCH REQUEST,Consultancy Services
SR_Req_0927463,DOMESTIC REQUEST,Labour Hire and Recruitment Services
SR_Req_0927586,DOMESTIC REQUEST,Labour Hire and Recruitment Services
SR_Req_0927796,DOMESTIC REQUEST,Consultancy Services
SR_Req_0928117,DOMESTIC REQUEST,IT Software
SR_Req_0928375,DOMESTIC REQUEST,Other
SR_Req_0928920,DOMESTIC REQUEST,Professional Services
SR_Req_0928956,DOMESTIC REQUEST,Professional Services
SR_Req_0928970,DOMESTIC REQUEST,Other
SR_Req_0928984,DOMESTIC REQUEST,Professional Services
SR_Req_0929609,INTERNATIONAL WIL REQUEST,Other
SR_Req_0929666,DOMESTIC REQUEST,Other
SR_Req_0929767,DOMESTIC REQUEST,Printing Services
SR_Req_0929768,DOMESTIC REQUEST,Consultancy Services
SR_Req_0930092,DOMESTIC REQUEST,"Consultancy Services, IT Hardware (client computing, mobiles and printers), Professional Services"
SR_Req_0930141,DOMESTIC REQUEST,Consultancy Services
SR_Req_0930443,INTERNATIONAL REQUEST,Professional Services
SR_Req_0930475,DOMESTIC REQUEST,Professional Services
SR_Req_0930487,DOMESTIC REQUEST,Professional Services
SR_Req_0930877,DOMESTIC REQUEST,Consultancy Services
SR_Req_0930940,DOMESTIC REQUEST,Printing Services
SR_Req_0930958,DOMESTIC REQUEST,Other
SR_Req_0931034,DOMESTIC REQUEST,Membership and Associations
SR_Req_0931062,DOMESTIC REQUEST,Building Infrastructure and Construction
SR_Req_0931115,DOMESTIC REQUEST,Consultancy Services
SR_Req_0931212,DOMESTIC WIL REQUEST,Other
SR_Req_0931218,DOMESTIC WIL REQUEST,Professional Services
SR_Req_0931234,DOMESTIC REQUEST,Other
SR_Req_0931299,DOMESTIC REQUEST,Professional Services
SR_Req_0931308,DOMESTIC REQUEST,"Furniture, fittings & equipment"
SR_Req_0931310,DOMESTIC REQUEST,"Furniture, fittings & equipment"
SR_Req_0931312,DOMESTIC REQUEST,"Furniture, fittings & equipment"
SR_Req_0931376,DOMESTIC REQUEST,Other
SR_Req_0931378,DOMESTIC REQUEST,Other
SR_Req_0931405,INTERNATIONAL REQUEST,IT Software
SR_Req_0931859,DOMESTIC REQUEST,Professional Services
SR_Req_0932113,DOMESTIC RESEARCH REQUEST,Professional Services
SR_Req_0932234,DOMESTIC REQUEST,Other
SR_Req_0932410,DOMESTIC REQUEST,Consumables
SR_Req_0932414,DOMESTIC REQUEST,Other
SR_Req_0932746,DOMESTIC REQUEST,Professional Services
SR_Req_0932908,INTERNATIONAL REQUEST,Consultancy Services
SR_Req_0932932,DOMESTIC REQUEST,Consultancy Services
SR_Req_0933029,DOMESTIC REQUEST,Other
SR_Req_0933367,DOMESTIC WIL REQUEST,Professional Services
SR_Req_0933388,INTERNATIONAL REQUEST,Catering
SR_Req_0933419,DOMESTIC REQUEST,IT Software
SR_Req_0933497,DOMESTIC REQUEST,"Furniture, fittings & equipment"
SR_Req_0933516,INTERNATIONAL RESEARCH REQUEST,Consultancy Services
SR_Req_0933569,DOMESTIC REQUEST,Building Infrastructure and Construction
SR_Req_0934153,DOMESTIC WIL REQUEST,Professional Services
SR_Req_0934236,DOMESTIC REQUEST,Consultancy Services
SR_Req_0934269,DOMESTIC REQUEST,Professional Services
SR_Req_0934357,DOMESTIC REQUEST,Professional Services
SR_Req_0934562,DOMESTIC WIL REQUEST,Other
SR_Req_0934569,DOMESTIC WIL REQUEST,Professional Services
SR_Req_0934592,INTERNATIONAL REQUEST,Professional Services
SR_Req_0934670,DOMESTIC WIL REQUEST,Other
SR_Req_0934720,DOMESTIC REQUEST,Other
SR_Req_0934733,DOMESTIC WIL REQUEST,Professional Services
SR_Req_0934761,DOMESTIC REQUEST,Consumables
SR_Req_0934831,DOMESTIC REQUEST,"Other, Subscriptions"
SR_Req_0934894,INTERNATIONAL REQUEST,  IT Managed Services
SR_Req_0934951,DOMESTIC REQUEST,Professional Services
SR_Req_0935012,DOMESTIC REQUEST,Professional Services
SR_Req_0935035,DOMESTIC REQUEST,"Consultancy Services, Professional Services"
SR_Req_0935102,DOMESTIC REQUEST,Other
SR_Req_0935170,INTERNATIONAL REQUEST,"Furniture, fittings & equipment"
SR_Req_0935174,DOMESTIC REQUEST,Membership and Associations
SR_Req_0935216,DOMESTIC WIL REQUEST,Professional Services
SR_Req_0935309,DOMESTIC REQUEST,Professional Services
SR_Req_0935330,DOMESTIC REQUEST,Membership and Associations
SR_Req_0935513,DOMESTIC REQUEST,Membership and Associations
SR_Req_0935586,DOMESTIC REQUEST,"Consultancy Services, Professional Services"
SR_Req_0935599,DOMESTIC REQUEST,Professional Services
SR_Req_0935616,DOMESTIC REQUEST,Other
SR_Req_0935729,DOMESTIC WIL REQUEST,Other
SR_Req_0936299,DOMESTIC REQUEST,IT Security Services
SR_Req_0936334,DOMESTIC REQUEST,Professional Services
SR_Req_0936409,DOMESTIC RESEARCH REQUEST,Other
SR_Req_0936665,DOMESTIC REQUEST,Professional Services
SR_Req_0936890,INTERNATIONAL REQUEST,Other
SR_Req_0936906,DOMESTIC WIL REQUEST,Other
SR_Req_0936952,DOMESTIC REQUEST,Lab supplies and industrial gas
SR_Req_0936960,INTERNATIONAL REQUEST,IT Software
SR_Req_0937105,DOMESTIC REQUEST,Professional Services
SR_Req_0937114,DOMESTIC REQUEST,"IT Hardware (client computing, mobiles and printers)"
SR_Req_0937257,DOMESTIC REQUEST,Promotional Items & Gifts
SR_Req_0937603,INTERNATIONAL REQUEST,Consultancy Services
SR_Req_0937622,DOMESTIC REQUEST,"IT Hardware (client computing, mobiles and printers), IT Software, Professional Services"
SR_Req_0937700,INTERNATIONAL REQUEST,IT Software
SR_Req_0937777,DOMESTIC WIL REQUEST,Professional Services
SR_Req_0937852,DOMESTIC REQUEST,Professional Services
SR_Req_0937936,DOMESTIC REQUEST,Membership and Associations
SR_Req_0938192,INTERNATIONAL REQUEST,Events Management (excl. catering)
SR_Req_0938200,INTERNATIONAL REQUEST,Events Management (excl. catering)
SR_Req_0938241,DOMESTIC REQUEST,Other
SR_Req_0938248,DOMESTIC REQUEST,Professional Services
SR_Req_0938314,INTERNATIONAL REQUEST,Subscriptions
SR_Req_0938501,DOMESTIC REQUEST,Professional Services
SR_Req_0938616,DOMESTIC REQUEST,Consumables
SR_Req_0938716,DOMESTIC WIL REQUEST,Professional Services
SR_Req_0938878,INTERNATIONAL REQUEST,Events Management (excl. catering)
SR_Req_0939303,DOMESTIC REQUEST,"Furniture, fittings & equipment"
SR_Req_0939519,INTERNATIONAL REQUEST,Other
SR_Req_0939647,DOMESTIC WIL REQUEST,Professional Services
SR_Req_0939811,DOMESTIC REQUEST,Promotional Items & Gifts
SR_Req_0939898,DOMESTIC REQUEST,Marketing Services
SR_Req_0939979,DOMESTIC REQUEST,Consultancy Services
SR_Req_0940012,DOMESTIC REQUEST,Consultancy Services
SR_Req_0940741,DOMESTIC WIL REQUEST,Professional Services
SR_Req_0940798,DOMESTIC WIL REQUEST,Professional Services
SR_Req_0940971,DOMESTIC WIL REQUEST,Other
SR_Req_0941016,DOMESTIC WIL REQUEST,Other
SR_Req_0941030,DOMESTIC REQUEST,Subscriptions
SR_Req_0941072,DOMESTIC REQUEST,Other
SR_Req_0941079,DOMESTIC RESEARCH REQUEST,Professional Services
SR_Req_0941239,DOMESTIC REQUEST,Consumables
SR_Req_0941326,DOMESTIC REQUEST,Consultancy Services
SR_Req_0941404,DOMESTIC REQUEST,Consumables
SR_Req_0941412,DOMESTIC REQUEST,Other
SR_Req_0941608,DOMESTIC REQUEST,Other
SR_Req_0941616,DOMESTIC REQUEST,Consultancy Services
SR_Req_0941871,DOMESTIC REQUEST,Professional Services
SR_Req_0942071,DOMESTIC REQUEST,Other
SR_Req_0942242,DOMESTIC REQUEST,Waste Management Services
SR_Req_0942449,DOMESTIC WIL REQUEST,Professional Services
SR_Req_0942481,DOMESTIC WIL REQUEST,Professional Services
SR_Req_0942534,DOMESTIC REQUEST,Catering
SR_Req_0942554,DOMESTIC REQUEST,Other
SR_Req_0942610,INTERNATIONAL REQUEST,Other
SR_Req_0942776,DOMESTIC WIL REQUEST,Other
SR_Req_0942975,DOMESTIC WIL REQUEST,Other
SR_Req_0943153,INTERNATIONAL REQUEST,Professional Services
SR_Req_0943169,INTERNATIONAL REQUEST,Marketing Services
SR_Req_0943219,DOMESTIC REQUEST,Professional Services
SR_Req_0943340,DOMESTIC REQUEST,Promotional Items & Gifts
SR_Req_0943417,DOMESTIC WIL REQUEST,Professional Services
SR_Req_0943540,DOMESTIC REQUEST,"IT Hardware (client computing, mobiles and printers)"
SR_Req_0944071,DOMESTIC REQUEST,Other
SR_Req_0944299,DOMESTIC WIL REQUEST,Professional Services
SR_Req_0944413,DOMESTIC WIL REQUEST,Other
SR_Req_0944546,DOMESTIC REQUEST,Subscriptions
SR_Req_0944963,INTERNATIONAL WIL REQUEST,Consultancy Services
SR_Req_0944984,DOMESTIC REQUEST,Lab supplies and industrial gas
SR_Req_0945287,INTERNATIONAL WIL REQUEST,Professional Services
SR_Req_0945367,DOMESTIC WIL REQUEST,Other
SR_Req_0945516,DOMESTIC REQUEST,Consultancy Services
SR_Req_0945519,INTERNATIONAL REQUEST,Consultancy Services
SR_Req_0945552,INTERNATIONAL RESEARCH REQUEST,Other
SR_Req_0945553,DOMESTIC REQUEST,Professional Services
SR_Req_0945554,INTERNATIONAL REQUEST,Membership and Associations
SR_Req_0945606,DOMESTIC REQUEST,Other
SR_Req_0945607,DOMESTIC WIL REQUEST,Professional Services
SR_Req_0945609,INTERNATIONAL REQUEST,Professional Services
SR_Req_0945684,DOMESTIC REQUEST,Events Management (excl. catering)
SR_Req_0945852,DOMESTIC RESEARCH REQUEST,Other
SR_Req_0945885,DOMESTIC REQUEST,Catering
SR_Req_0945964,DOMESTIC WIL REQUEST,Other
SR_Req_0945970,DOMESTIC WIL REQUEST,Professional Services
SR_Req_0946232,DOMESTIC WIL REQUEST,Other
SR_Req_0946237,DOMESTIC REQUEST,Other
SR_Req_0946275,DOMESTIC REQUEST,Marketing Services
SR_Req_0946343,DOMESTIC REQUEST,Other
SR_Req_0946381,INTERNATIONAL REQUEST,Student Recruitment
SR_Req_0946667,DOMESTIC REQUEST,Professional Services
SR_Req_0946750,DOMESTIC REQUEST,Other
SR_Req_0946751,DOMESTIC WIL REQUEST,Other
SR_Req_0947112,DOMESTIC REQUEST,Other
SR_Req_0947177,DOMESTIC WIL REQUEST,Professional Services
SR_Req_0947330,INTERNATIONAL REQUEST,IT Software
SR_Req_0947334,INTERNATIONAL REQUEST,Other
SR_Req_0947340,DOMESTIC REQUEST,Freight
SR_Req_0947420,DOMESTIC REQUEST,Professional Services
SR_Req_0947489,DOMESTIC REQUEST,Professional Services
SR_Req_0947547,DOMESTIC RESEARCH REQUEST,Professional Services
SR_Req_0947596,DOMESTIC WIL REQUEST,Professional Services
SR_Req_0947615,DOMESTIC REQUEST,Other
SR_Req_0947685,DOMESTIC REQUEST,Lab supplies and industrial gas
SR_Req_0948024,INTERNATIONAL REQUEST,Consultancy Services
SR_Req_0948079,INTERNATIONAL REQUEST,Lab supplies and industrial gas
SR_Req_0948103,DOMESTIC REQUEST,Marketing Services
SR_Req_0948236,DOMESTIC REQUEST,Other
SR_Req_0948272,DOMESTIC WIL REQUEST,Membership and Associations
SR_Req_0948651,DOMESTIC WIL REQUEST,Professional Services
SR_Req_0948919,DOMESTIC REQUEST,Other
SR_Req_0948928,INTERNATIONAL REQUEST,Professional Services
SR_Req_0948947,DOMESTIC WIL REQUEST,Other
SR_Req_0949087,DOMESTIC REQUEST,Financial Services
SR_Req_0949164,INTERNATIONAL REQUEST,IT Software
SR_Req_0949831,INTERNATIONAL REQUEST,IT Software
SR_Req_0950268,DOMESTIC REQUEST,Consultancy Services
SR_Req_0950401,DOMESTIC REQUEST,Consultancy Services
SR_Req_0950610,DOMESTIC REQUEST,Other
SR_Req_0950817,DOMESTIC REQUEST,IT Software
SR_Req_0950821,DOMESTIC REQUEST,Consultancy Services
SR_Req_0951273,INTERNATIONAL REQUEST,Travel
SR_Req_0951331,INTERNATIONAL REQUEST,Other
SR_Req_0951376,DOMESTIC WIL REQUEST,Other
SR_Req_0951378,DOMESTIC WIL REQUEST,Professional Services
SR_Req_0951409,DOMESTIC REQUEST,Professional Services
SR_Req_0951693,INTERNATIONAL REQUEST,Other
SR_Req_0951694,INTERNATIONAL REQUEST,Professional Services
SR_Req_0951697,INTERNATIONAL REQUEST,Travel
SR_Req_0951768,DOMESTIC REQUEST,Other
SR_Req_0951820,DOMESTIC WIL REQUEST,Professional Services
SR_Req_0951828,INTERNATIONAL REQUEST,Membership and Associations
SR_Req_0952106,DOMESTIC REQUEST,Professional Services
SR_Req_0952877,DOMESTIC WIL REQUEST,Professional Services
SR_Req_0952913,DOMESTIC REQUEST,  IT Managed Services
SR_Req_0953094,DOMESTIC REQUEST,Other
SR_Req_0953155,DOMESTIC WIL REQUEST,Other
SR_Req_0953322,DOMESTIC REQUEST,Membership and Associations
SR_Req_0953490,DOMESTIC REQUEST,Events Management (excl. catering)
SR_Req_0953579,INTERNATIONAL REQUEST,"IT Hardware (client computing, mobiles and printers)"
SR_Req_0953633,DOMESTIC REQUEST,Lab supplies and industrial gas
SR_Req_0953649,DOMESTIC REQUEST,  IT Managed Services
SR_Req_0953699,DOMESTIC RESEARCH REQUEST,Professional Services
SR_Req_0953775,INTERNATIONAL REQUEST,Consultancy Services
SR_Req_0953794,DOMESTIC REQUEST,Other
SR_Req_0953899,DOMESTIC REQUEST,Other
SR_Req_0954042,DOMESTIC REQUEST,Professional Services
SR_Req_0954263,DOMESTIC RESEARCH REQUEST,Professional Services
SR_Req_0954296,DOMESTIC WIL REQUEST,Other
SR_Req_0954299,INTERNATIONAL REQUEST,Other
SR_Req_0954648,DOMESTIC REQUEST,Other
SR_Req_0954718,DOMESTIC RESEARCH REQUEST,Other
SR_Req_0954863,INTERNATIONAL REQUEST,IT Software
SR_Req_0954883,DOMESTIC REQUEST,Professional Services
SR_Req_0954884,DOMESTIC REQUEST,Professional Services
SR_Req_0954886,DOMESTIC REQUEST,Professional Services
SR_Req_0955010,DOMESTIC WIL REQUEST,Other
SR_Req_0955040,INTERNATIONAL RESEARCH REQUEST,Lab supplies and industrial gas
SR_Req_0955057,INTERNATIONAL REQUEST,IT Software
SR_Req_0955148,DOMESTIC REQUEST,Catering
SR_Req_0955419,DOMESTIC REQUEST,Professional Services
SR_Req_0955440,DOMESTIC REQUEST,Consultancy Services
SR_Req_0955542,DOMESTIC WIL REQUEST,Other
SR_Req_0955613,DOMESTIC REQUEST,Other
SR_Req_0955662,DOMESTIC WIL REQUEST,Professional Services
SR_Req_0955844,DOMESTIC WIL REQUEST,Professional Services
SR_Req_0955934,DOMESTIC REQUEST,Professional Services
SR_Req_0956055,INTERNATIONAL REQUEST,Professional Services
SR_Req_0956085,INTERNATIONAL RESEARCH REQUEST,Consultancy Services
SR_Req_0956098,DOMESTIC REQUEST,IT Software
SR_Req_0956213,DOMESTIC REQUEST,Other
SR_Req_0956769,DOMESTIC WIL REQUEST,Other
SR_Req_0956770,DOMESTIC WIL REQUEST,Professional Services
SR_Req_0956775,INTERNATIONAL REQUEST,Other
SR_Req_0956776,DOMESTIC WIL REQUEST,Professional Services
SR_Req_0956779,DOMESTIC WIL REQUEST,Other
SR_Req_0956933,DOMESTIC REQUEST,Other
SR_Req_0956976,DOMESTIC REQUEST,Other
SR_Req_0957074,DOMESTIC REQUEST,Other
SR_Req_0957121,DOMESTIC REQUEST,Professional Services
SR_Req_0957196,INTERNATIONAL RESEARCH REQUEST,Consultancy Services
SR_Req_0957361,INTERNATIONAL REQUEST,Other
SR_Req_0957414,DOMESTIC REQUEST,Office Supplies
SR_Req_0957583,DOMESTIC REQUEST,Other
SR_Req_0957702,DOMESTIC REQUEST,Other
SR_Req_0957730,DOMESTIC REQUEST,IT Software
SR_Req_0957871,DOMESTIC REQUEST,Other
SR_Req_0957887,DOMESTIC REQUEST,Lab supplies and industrial gas
SR_Req_0957915,INTERNATIONAL REQUEST,Events Management (excl. catering)
SR_Req_0957975,DOMESTIC REQUEST,Other
SR_Req_0957982,DOMESTIC REQUEST,Catering
SR_Req_0958182,DOMESTIC REQUEST,Consultancy Services
SR_Req_0958199,DOMESTIC REQUEST,Other
SR_Req_0958260,DOMESTIC REQUEST,Other
SR_Req_0958459,INTERNATIONAL REQUEST,Lab supplies and industrial gas
SR_Req_0958479,INTERNATIONAL REQUEST,Professional Services
SR_Req_0958482,DOMESTIC RESEARCH REQUEST,Professional Services
SR_Req_0958494,DOMESTIC REQUEST,Other
SR_Req_0958499,DOMESTIC REQUEST,Other
SR_Req_0958510,INTERNATIONAL REQUEST,Lab supplies and industrial gas
SR_Req_0958608,DOMESTIC WIL REQUEST,Other
SR_Req_0958896,DOMESTIC WIL REQUEST,Other
SR_Req_0958976,INTERNATIONAL REQUEST,Catering
SR_Req_0959050,DOMESTIC WIL REQUEST,Professional Services
SR_Req_0959202,DOMESTIC WIL REQUEST,Professional Services
SR_Req_0959327,INTERNATIONAL REQUEST,Consultancy Services
SR_Req_0959365,DOMESTIC REQUEST,Professional Services
SR_Req_0959466,DOMESTIC WIL REQUEST,Other
SR_Req_0959479,INTERNATIONAL REQUEST,Professional Services
SR_Req_0959720,DOMESTIC REQUEST,Consultancy Services
SR_Req_0959817,INTERNATIONAL REQUEST,"Other, Professional Services"
SR_Req_0959960,INTERNATIONAL REQUEST,Student Recruitment
SR_Req_0960048,DOMESTIC WIL REQUEST,Other
SR_Req_0960057,DOMESTIC WIL REQUEST,Professional Services
SR_Req_0960399,DOMESTIC REQUEST,Lab supplies and industrial gas
SR_Req_0960407,INTERNATIONAL REQUEST,Other
SR_Req_0960467,DOMESTIC REQUEST,Professional Services
SR_Req_0960470,INTERNATIONAL REQUEST,Printing Services
SR_Req_0960676,DOMESTIC REQUEST,IT Software
SR_Req_0960762,DOMESTIC REQUEST,IT Software
SR_Req_0960985,DOMESTIC REQUEST,Catering
SR_Req_0960987,DOMESTIC REQUEST,Catering
SR_Req_0960989,DOMESTIC REQUEST,Professional Services
SR_Req_0961791,DOMESTIC WIL REQUEST,Other
SR_Req_0962109,DOMESTIC REQUEST,IT Software
SR_Req_0962145,INTERNATIONAL REQUEST,  IT Managed Services
SR_Req_0962290,INTERNATIONAL REQUEST,IT Software
SR_Req_0962294,DOMESTIC WIL REQUEST,IT Software
SR_Req_0962307,INTERNATIONAL RESEARCH REQUEST,Professional Services
SR_Req_0962322,DOMESTIC REQUEST,Professional Services
SR_Req_0962337,DOMESTIC REQUEST,Professional Services
SR_Req_0962415,DOMESTIC RESEARCH REQUEST,Consultancy Services
SR_Req_0962592,DOMESTIC REQUEST,"Building Infrastructure and Construction, Professional Services"
SR_Req_0962595,DOMESTIC REQUEST,Professional Services
SR_Req_0962624,DOMESTIC RESEARCH REQUEST,Building Infrastructure and Construction
SR_Req_0962929,DOMESTIC REQUEST,Other
SR_Req_0963069,DOMESTIC REQUEST,Other
SR_Req_0963081,DOMESTIC REQUEST,Professional Services
SR_Req_0963164,DOMESTIC REQUEST,Leasing and Real Estate
SR_Req_0963209,DOMESTIC RESEARCH REQUEST,"Professional Services, Utilities"
SR_Req_0963219,DOMESTIC REQUEST,Other
SR_Req_0963336,DOMESTIC REQUEST,Consultancy Services
SR_Req_0963578,DOMESTIC WIL REQUEST,Other
SR_Req_0963586,DOMESTIC REQUEST,Consultancy Services
SR_Req_0963907,INTERNATIONAL REQUEST,Other
SR_Req_0963972,INTERNATIONAL REQUEST,IT Software
SR_Req_0964007,DOMESTIC REQUEST,Cleaning Services & Consumables
SR_Req_0964369,INTERNATIONAL WIL REQUEST,Other
SR_Req_0965020,DOMESTIC REQUEST,"Consultancy Services, Other, Professional Services"
SR_Req_0965725,DOMESTIC WIL REQUEST,Professional Services
SR_Req_0965836,DOMESTIC RESEARCH REQUEST,Other
SR_Req_0965846,DOMESTIC REQUEST,Other
SR_Req_0965851,DOMESTIC REQUEST,Other
SR_Req_0966071,INTERNATIONAL REQUEST,Consultancy Services
SR_Req_0966075,DOMESTIC REQUEST,Professional Services
SR_Req_0966100,DOMESTIC REQUEST,Professional Services
SR_Req_0966185,DOMESTIC WIL REQUEST,Professional Services
SR_Req_0966408,DOMESTIC WIL REQUEST,Professional Services
SR_Req_0966422,DOMESTIC REQUEST,Consultancy Services
SR_Req_0966447,DOMESTIC REQUEST,Professional Services
SR_Req_0966519,DOMESTIC WIL REQUEST,Professional Services
SR_Req_0966540,DOMESTIC REQUEST,Lab supplies and industrial gas
SR_Req_0966633,DOMESTIC REQUEST,Other
SR_Req_0967001,INTERNATIONAL REQUEST,Printing Services
SR_Req_0967215,DOMESTIC REQUEST,Other
SR_Req_0967225,INTERNATIONAL REQUEST,Marketing Services
SR_Req_0967241,DOMESTIC REQUEST,Building Infrastructure and Construction
SR_Req_0967244,DOMESTIC WIL REQUEST,Other
SR_Req_0967435,DOMESTIC WIL REQUEST,Other
SR_Req_0967449,DOMESTIC REQUEST,Catering
SR_Req_0967670,DOMESTIC REQUEST,Leasing and Real Estate
SR_Req_0967671,DOMESTIC REQUEST,Leasing and Real Estate
SR_Req_0967672,INTERNATIONAL REQUEST,Building Infrastructure and Construction
SR_Req_0967673,INTERNATIONAL REQUEST,Building Infrastructure and Construction
SR_Req_0967714,DOMESTIC REQUEST,Managed Services
SR_Req_0967833,INTERNATIONAL REQUEST,"Furniture, fittings & equipment, Lab supplies and industrial gas"
SR_Req_0967835,INTERNATIONAL REQUEST,IT Software
SR_Req_0967865,DOMESTIC REQUEST,Professional Services
SR_Req_0967892,DOMESTIC REQUEST,  IT Managed Services
SR_Req_0967930,DOMESTIC REQUEST,Consultancy Services
SR_Req_0968104,DOMESTIC REQUEST,Professional Services
SR_Req_0968138,INTERNATIONAL REQUEST,Lab supplies and industrial gas
SR_Req_0968254,INTERNATIONAL REQUEST,Building Infrastructure and Construction
SR_Req_0968265,INTERNATIONAL REQUEST,Promotional Items & Gifts
SR_Req_0968272,DOMESTIC REQUEST,Consultancy Services
SR_Req_0968273,DOMESTIC REQUEST,Consultancy Services
SR_Req_0968276,DOMESTIC REQUEST,Membership and Associations
SR_Req_0968346,DOMESTIC REQUEST,IT Software
SR_Req_0968394,DOMESTIC WIL REQUEST,Professional Services
SR_Req_0968414,INTERNATIONAL REQUEST,Lab supplies and industrial gas
SR_Req_0968718,DOMESTIC REQUEST,Professional Services
SR_Req_0968766,DOMESTIC REQUEST,Lab supplies and industrial gas
SR_Req_0968810,DOMESTIC REQUEST,Professional Services
SR_Req_0968818,DOMESTIC REQUEST,Building Infrastructure and Construction
SR_Req_0968930,INTERNATIONAL REQUEST,Other
SR_Req_0968958,DOMESTIC REQUEST,Other
SR_Req_0969051,DOMESTIC REQUEST,IT Security Services
SR_Req_0969291,INTERNATIONAL REQUEST,Consultancy Services
SR_Req_0969331,DOMESTIC REQUEST,Catering
SR_Req_0969367,DOMESTIC REQUEST,Building Infrastructure and Construction
SR_Req_0969563,DOMESTIC REQUEST,"Consumables, Facilities Management, Marketing Services, Office Supplies, Printing Services, Promotional Items & Gifts"
SR_Req_0969831,DOMESTIC REQUEST,"IT Hardware (client computing, mobiles and printers)"
SR_Req_0969946,DOMESTIC REQUEST,"  IT Managed Services, Consultancy Services, Professional Services"
SR_Req_0970204,INTERNATIONAL REQUEST,Printing Services
SR_Req_0970266,DOMESTIC REQUEST,Consultancy Services
SR_Req_0970321,INTERNATIONAL REQUEST,Other
SR_Req_0970409,DOMESTIC REQUEST,Professional Services
SR_Req_0970478,DOMESTIC REQUEST,IT Software
SR_Req_0970719,DOMESTIC WIL REQUEST,Professional Services
SR_Req_0970917,INTERNATIONAL REQUEST,Lab supplies and industrial gas
SR_Req_0970924,DOMESTIC REQUEST,Maintenance Services
SR_Req_0970928,INTERNATIONAL RESEARCH REQUEST,Consultancy Services
SR_Req_0970943,INTERNATIONAL REQUEST,Lab supplies and industrial gas
SR_Req_0971032,DOMESTIC WIL REQUEST,Professional Services
SR_Req_0971066,DOMESTIC REQUEST,Removals and Storage
SR_Req_0971200,DOMESTIC REQUEST,"  IT Managed Services, IT Hardware (client computing, mobiles and printers), IT Software, Professional Services"
SR_Req_0971325,DOMESTIC REQUEST,Professional Services
SR_Req_0971327,DOMESTIC REQUEST,Other
SR_Req_0971627,DOMESTIC REQUEST,"IT Hardware (client computing, mobiles and printers)"
SR_Req_0971796,DOMESTIC REQUEST,Subscriptions
SR_Req_0971804,DOMESTIC REQUEST,Subscriptions
SR_Req_0971886,DOMESTIC REQUEST,Printing Services
SR_Req_0972067,DOMESTIC REQUEST,Other
SR_Req_0972229,INTERNATIONAL REQUEST,Other
SR_Req_0972230,DOMESTIC REQUEST,Professional Services
SR_Req_0972342,DOMESTIC REQUEST,Professional Services
SR_Req_0972471,DOMESTIC WIL REQUEST,Professional Services
SR_Req_0972559,DOMESTIC REQUEST,Other
SR_Req_0972622,DOMESTIC REQUEST,Other
SR_Req_0972687,DOMESTIC REQUEST,Other
SR_Req_0972691,INTERNATIONAL REQUEST,Consultancy Services
SR_Req_0972740,DOMESTIC REQUEST,Building Infrastructure and Construction
SR_Req_0972902,DOMESTIC REQUEST,Other
SR_Req_0972929,INTERNATIONAL REQUEST,"Consultancy Services, Subscriptions"
SR_Req_0972934,INTERNATIONAL REQUEST,Other
SR_Req_0973152,DOMESTIC REQUEST,Professional Services
SR_Req_0973245,DOMESTIC REQUEST,Other
SR_Req_0973263,DOMESTIC REQUEST,Consultancy Services
SR_Req_0973285,DOMESTIC WIL REQUEST,Professional Services
SR_Req_0973386,DOMESTIC WIL REQUEST,Other
SR_Req_0973396,DOMESTIC REQUEST,"Furniture, fittings & equipment"
SR_Req_0973399,DOMESTIC WIL REQUEST,Professional Services
SR_Req_0973401,DOMESTIC WIL REQUEST,Professional Services
SR_Req_0973494,INTERNATIONAL REQUEST,IT Software
SR_Req_0973509,INTERNATIONAL REQUEST,"Consultancy Services, Events Management (excl. catering), Financial Services, Leasing and Real Estate, Marketing Services, Professional Services, Student Recruitment"
SR_Req_0973730,DOMESTIC REQUEST,Other
SR_Req_0973769,DOMESTIC REQUEST,Financial Services
SR_Req_0973944,INTERNATIONAL REQUEST,Student Recruitment
SR_Req_0974077,DOMESTIC REQUEST,Printing Services
SR_Req_0974103,DOMESTIC REQUEST,Events Management (excl. catering)
SR_Req_0974110,DOMESTIC REQUEST,Professional Services
SR_Req_0974112,DOMESTIC REQUEST,Professional Services
SR_Req_0974184,DOMESTIC REQUEST,Consultancy Services
SR_Req_0974272,DOMESTIC REQUEST,Professional Services
SR_Req_0974317,DOMESTIC REQUEST,Consultancy Services
SR_Req_0974382,DOMESTIC WIL REQUEST,Professional Services
SR_Req_0974628,DOMESTIC REQUEST,Professional Services
SR_Req_0974836,DOMESTIC REQUEST,Professional Services
SR_Req_0974981,DOMESTIC REQUEST,Other
SR_Req_0975032,DOMESTIC REQUEST,Other
SR_Req_0975342,INTERNATIONAL REQUEST,Other
SR_Req_0975878,DOMESTIC RESEARCH REQUEST,Professional Services
SR_Req_0976440,DOMESTIC REQUEST,Other
SR_Req_0976483,DOMESTIC REQUEST,Professional Services
SR_Req_0976556,INTERNATIONAL REQUEST,Professional Services
SR_Req_0976684,DOMESTIC REQUEST,Catering
SR_Req_0976752,DOMESTIC REQUEST,Consultancy Services
SR_Req_0976840,DOMESTIC REQUEST,Catering
SR_Req_0976871,DOMESTIC REQUEST,Consultancy Services
SR_Req_0976903,DOMESTIC WIL REQUEST,Professional Services
SR_Req_0976953,DOMESTIC REQUEST,"  IT Managed Services, IT Software"
SR_Req_0977100,DOMESTIC WIL REQUEST,Professional Services
SR_Req_0977166,DOMESTIC WIL REQUEST,Professional Services
SR_Req_0977403,DOMESTIC WIL REQUEST,Other
SR_Req_0977457,DOMESTIC REQUEST,Other
SR_Req_0977482,DOMESTIC REQUEST,Other
SR_Req_0977501,DOMESTIC REQUEST,"Financial Services, Professional Services"
SR_Req_0977583,DOMESTIC REQUEST,Consultancy Services
SR_Req_0977638,INTERNATIONAL REQUEST,Other
SR_Req_0977818,DOMESTIC WIL REQUEST,Professional Services
SR_Req_0977856,INTERNATIONAL REQUEST,Catering
SR_Req_0977914,DOMESTIC REQUEST,Printing Services
SR_Req_0977921,DOMESTIC REQUEST,Professional Services
SR_Req_0978066,DOMESTIC WIL REQUEST,Other
SR_Req_0978654,INTERNATIONAL REQUEST,Student Recruitment
SR_Req_0979068,DOMESTIC REQUEST,Other
SR_Req_0979197,DOMESTIC REQUEST,IT Software
SR_Req_0979356,DOMESTIC REQUEST,Lab supplies and industrial gas
SR_Req_0979452,INTERNATIONAL REQUEST,Building Infrastructure and Construction
SR_Req_0979517,DOMESTIC REQUEST,Other
SR_Req_0979537,DOMESTIC REQUEST,Professional Services
SR_Req_0979539,DOMESTIC REQUEST,IT Software
SR_Req_0979589,DOMESTIC REQUEST,Professional Services
SR_Req_0979598,DOMESTIC REQUEST,Consultancy Services
SR_Req_0979932,DOMESTIC REQUEST,Professional Services
SR_Req_0979956,DOMESTIC REQUEST,Other
SR_Req_0980116,DOMESTIC REQUEST,Marketing Services
SR_Req_0980186,DOMESTIC REQUEST,Lab supplies and industrial gas
SR_Req_0980231,DOMESTIC REQUEST,Consultancy Services
SR_Req_0980359,DOMESTIC REQUEST,Promotional Items & Gifts
SR_Req_0980460,DOMESTIC REQUEST,Membership and Associations
SR_Req_0980471,DOMESTIC REQUEST,Catering
SR_Req_0980564,INTERNATIONAL REQUEST,Leasing and Real Estate
SR_Req_0980667,DOMESTIC REQUEST,Consultancy Services
SR_Req_0980889,DOMESTIC REQUEST,Other
SR_Req_0981021,DOMESTIC REQUEST,Other
SR_Req_0981043,INTERNATIONAL REQUEST,Professional Services
SR_Req_0981236,DOMESTIC WIL REQUEST,Professional Services
SR_Req_0981560,INTERNATIONAL REQUEST,Other
SR_Req_0981674,DOMESTIC REQUEST,Other
SR_Req_0981739,INTERNATIONAL REQUEST,Maintenance Services
SR_Req_0981771,DOMESTIC REQUEST,Lab supplies and industrial gas
SR_Req_0982641,DOMESTIC REQUEST,Consultancy Services
SR_Req_0982653,DOMESTIC REQUEST,Professional Services
SR_Req_0982682,DOMESTIC REQUEST,Other
SR_Req_0982908,DOMESTIC REQUEST,Events Management (excl. catering)
SR_Req_0983097,DOMESTIC REQUEST,Professional Services
SR_Req_0983222,DOMESTIC RESEARCH REQUEST,Other
SR_Req_0983596,DOMESTIC REQUEST,Utilities
SR_Req_0983880,DOMESTIC REQUEST,Events Management (excl. catering)
SR_Req_0983951,DOMESTIC REQUEST,Other
SR_Req_0984132,DOMESTIC REQUEST,Student Recruitment
SR_Req_0984147,INTERNATIONAL REQUEST,Other
SR_Req_0984201,INTERNATIONAL REQUEST,Professional Services
SR_Req_0984381,DOMESTIC REQUEST,Other
SR_Req_0984467,DOMESTIC REQUEST,Leasing and Real Estate
SR_Req_0984550,DOMESTIC REQUEST,Catering
SR_Req_0984585,DOMESTIC REQUEST,Travel
SR_Req_0984758,INTERNATIONAL REQUEST,Other
SR_Req_0984804,INTERNATIONAL REQUEST,"Furniture, fittings & equipment, Lab supplies and industrial gas"
SR_Req_0984881,INTERNATIONAL REQUEST,Professional Services
SR_Req_0985173,DOMESTIC WIL REQUEST,Professional Services
SR_Req_0985220,DOMESTIC REQUEST,Maintenance Services
SR_Req_0985471,DOMESTIC REQUEST,Other
SR_Req_0985508,INTERNATIONAL REQUEST,Student Recruitment
SR_Req_0985545,DOMESTIC WIL REQUEST,Student Recruitment
SR_Req_0985564,DOMESTIC REQUEST,Marketing Services
SR_Req_0985655,DOMESTIC REQUEST,Building Infrastructure and Construction
SR_Req_0985993,DOMESTIC REQUEST,Professional Services
SR_Req_0986002,DOMESTIC REQUEST,Lab supplies and industrial gas
SR_Req_0986155,DOMESTIC REQUEST,Consultancy Services
SR_Req_0986453,DOMESTIC REQUEST,Lab supplies and industrial gas
SR_Req_0987025,INTERNATIONAL REQUEST,IT Software
SR_Req_0987029,DOMESTIC WIL REQUEST,Professional Services
SR_Req_0987328,DOMESTIC RESEARCH REQUEST,Other
SR_Req_0987459,DOMESTIC REQUEST,Professional Services
SR_Req_0987645,INTERNATIONAL REQUEST,Student Recruitment
SR_Req_0987816,DOMESTIC REQUEST,Membership and Associations
SR_Req_0988039,DOMESTIC REQUEST,Travel
SR_Req_0988082,DOMESTIC WIL REQUEST,Professional Services
SR_Req_0988088,DOMESTIC REQUEST,Professional Services
SR_Req_0988343,DOMESTIC REQUEST,IT Software
SR_Req_0988357,DOMESTIC REQUEST,IT Software
SR_Req_0988474,DOMESTIC REQUEST,Membership and Associations
SR_Req_0988519,DOMESTIC REQUEST,Other
SR_Req_0989261,DOMESTIC REQUEST,Other
SR_Req_0989379,DOMESTIC REQUEST,Catering
SR_Req_0989443,DOMESTIC REQUEST,Other
SR_Req_0989500,DOMESTIC REQUEST,Other
SR_Req_0989518,DOMESTIC WIL REQUEST,Other
SR_Req_0989624,DOMESTIC REQUEST,Other
SR_Req_0989690,DOMESTIC REQUEST,Printing Services
SR_Req_0989948,DOMESTIC REQUEST,Lab supplies and industrial gas
SR_Req_0990104,DOMESTIC REQUEST,Professional Services
SR_Req_0990129,DOMESTIC WIL REQUEST,Professional Services
SR_Req_0990175,DOMESTIC REQUEST,Lab supplies and industrial gas
SR_Req_0990520,DOMESTIC REQUEST,Professional Services
SR_Req_0991047,INTERNATIONAL REQUEST,Other
SR_Req_0991307,DOMESTIC REQUEST,Consumables
SR_Req_0991676,DOMESTIC REQUEST,Consultancy Services
SR_Req_0991740,INTERNATIONAL REQUEST,Professional Services
SR_Req_0991810,INTERNATIONAL REQUEST,Other
SR_Req_0991818,INTERNATIONAL REQUEST,Professional Services
SR_Req_0991843,INTERNATIONAL REQUEST,Other
SR_Req_0991854,DOMESTIC REQUEST,Professional Services
SR_Req_0991860,DOMESTIC REQUEST,Professional Services
SR_Req_0992032,DOMESTIC REQUEST,Other
SR_Req_0992141,DOMESTIC REQUEST,Consultancy Services
SR_Req_0992474,DOMESTIC REQUEST,Marketing Services
SR_Req_0992505,DOMESTIC REQUEST,Consultancy Services
SR_Req_0993088,INTERNATIONAL REQUEST,Other
SR_Req_0993099,INTERNATIONAL REQUEST,IT Software
SR_Req_0993106,DOMESTIC REQUEST,Travel
SR_Req_0993206,DOMESTIC WIL REQUEST,Professional Services
